-- phpMyAdmin SQL Dump
-- version 4.5.1
-- http://www.phpmyadmin.net
--
-- Servidor: 127.0.0.1
-- Tiempo de generación: 22-05-2017 a las 09:10:02
-- Versión del servidor: 10.1.19-MariaDB
-- Versión de PHP: 5.6.28

SET SQL_MODE = "NO_AUTO_VALUE_ON_ZERO";
SET time_zone = "+00:00";


/*!40101 SET @OLD_CHARACTER_SET_CLIENT=@@CHARACTER_SET_CLIENT */;
/*!40101 SET @OLD_CHARACTER_SET_RESULTS=@@CHARACTER_SET_RESULTS */;
/*!40101 SET @OLD_COLLATION_CONNECTION=@@COLLATION_CONNECTION */;
/*!40101 SET NAMES utf8mb4 */;

--
-- Base de datos: `academ`
--

-- --------------------------------------------------------

--
-- Estructura de tabla para la tabla `departamentos`
--

CREATE TABLE `departamentos` (
  `ID_Departamento` int(11) NOT NULL,
  `Nom_Departamento` varchar(50) NOT NULL
) ENGINE=MyISAM DEFAULT CHARSET=utf8;

--
-- Volcado de datos para la tabla `departamentos`
--

INSERT INTO `departamentos` (`ID_Departamento`, `Nom_Departamento`) VALUES
(3, 'CENTRO DE INFORMACION\r'),
(2, 'CENTRO DE COMPUTO ADTIVO\r'),
(1, 'BIOMEDICA\r'),
(4, 'CIENCIAS BASICAS\r'),
(5, 'COMUNICACION Y DIFUSION\n'),
(6, 'DESARROLLO ACADEMICO\r'),
(7, 'DIRECCION\r'),
(8, 'DIVISION DE ESTUDIOS PROFESIONALES\r'),
(9, 'ECONOMICO ADMINISTRATIVO\r'),
(10, 'ELECTRICA - ELECTRONICA\r'),
(11, 'EXTRAESCOLARES\r'),
(12, 'GESTION TECNOLOGICA Y VINCULACION\r'),
(13, 'IDIOMAS\r'),
(14, 'INDUSTRIAL\r'),
(15, 'MANTENIMIENTO Y EQUIPO\r'),
(16, 'METAL-MECANICA\r'),
(17, 'PLANEACION, PROG. E INFRAES.\n'),
(18, 'POSGRADO\r'),
(19, 'RECURSOS FINANCIEROS\r'),
(20, 'RECURSOS HUMANOS\r'),
(21, 'RECURSOS MATERIALES Y SERVICIOS\r'),
(22, 'SERVICIOS ESCOLARES\r'),
(23, 'SISTEMAS Y COMPUTACION\r'),
(24, 'SUBDIRECCION ACADEMICA\r');

-- --------------------------------------------------------

--
-- Estructura de tabla para la tabla `login`
--

CREATE TABLE `login` (
  `id` int(11) NOT NULL,
  `user` varchar(50) NOT NULL,
  `password` varchar(50) NOT NULL,
  `email` varchar(50) NOT NULL,
  `pasadmin` varchar(50) NOT NULL
) ENGINE=MyISAM DEFAULT CHARSET=utf8;

--
-- Volcado de datos para la tabla `login`
--

INSERT INTO `login` (`id`, `user`, `password`, `email`, `pasadmin`) VALUES
(2, 'Administrador', '', 'administrador', 'iTh12345'),
(1, 'Usuario Normal', 'iTh12345', 'usuario', ''),
(10, 'mayrachacon', 'iTh12345', 'mayrachacon', ''),
(11, 'Roberto Isaias', 'Superman5', 'Roberto12', '');

-- --------------------------------------------------------

--
-- Estructura de tabla para la tabla `personal`
--

CREATE TABLE `personal` (
  `id_personal` int(11) NOT NULL,
  `Nom_Personal` varchar(50) NOT NULL,
  `Nom_Departamento` varchar(50) NOT NULL,
  `Correo_Electronico` varchar(50) DEFAULT NULL,
  `password` varchar(30) NOT NULL,
  `ID_Departamento` int(11) NOT NULL
) ENGINE=MyISAM DEFAULT CHARSET=utf8;

--
-- Volcado de datos para la tabla `personal`
--

INSERT INTO `personal` (`id_personal`, `Nom_Personal`, `Nom_Departamento`, `Correo_Electronico`, `password`, `ID_Departamento`) VALUES
(1, 'ALDACO DIAZ MARIA GUADALUPE', 'CIENCIAS BASICAS', 'ithquimica@gmail.com', '', 4),
(2, 'GRANILLO SIERRA FRANCISCO  JOEL', 'MANTENIMIENTO Y EQUIPO', '', '', 15),
(3, 'APODACA IBARRA KARLA MARIA', 'INDUSTRIAL', 'apodaca_karla@hotmail.com', '', 14),
(6, 'GUTIERREZ URQUIDEZ ROSALIA DEL CARMEN ', 'POSGRADO', 'ro_gutierrez@ith.mx', '', 18),
(7, 'RIOS CORDOVA CRUZ ELENA', 'CENTRO DE INFORMACION', '', '', 3),
(10, 'GALAZ BUSTAMANTE RAFAEL ARMANDO', 'POSGRADO', '', '', 18),
(12, 'MONTA?O PI?A ROBERTO', 'RECURSOS MATERIALES Y SERVICIOS', 'volvo8300@hotmail.com', '', 21),
(13, 'CHAVEZ JOSE MANUEL ', 'ELECTRICA - ELECTRONICA', 'jmch.ith@gmail.com', '', 10),
(14, 'ENCINAS ORTIZ JOSE JESUS', 'RECURSOS MATERIALES Y SERVICIOS', '', '', 21),
(16, 'JAIME BURGOS VICTOR MANUEL', 'SISTEMAS Y COMPUTACION', 'vicmjb@hotmail.com', '', 23),
(18, 'ESPEJEL BLANCO DANIEL FERNANDO ', 'ELECTRICA - ELECTRONICA', '', '', 10),
(21, 'GOMEZ ENCINAS HAZAEL ', 'SISTEMAS Y COMPUTACION', '', '', 23),
(22, 'MONTEVERDE GUTIERREZ OFELIA ', 'METAL-MECANICA', 'of_monteverde@ith.mx', '', 16),
(23, 'LAGARDA ANTELO PRUDENCIO ', 'ECONOMICO ADMINISTRATIVO', 'plagarda09@gmail.com', '', 9),
(24, 'GARCIA BOJORQUEZ LUIS FELIPE ', 'CIENCIAS BASICAS', 'luisfgarciab@hotmail.com', '', 4),
(26, 'VEGA ZAMUDIO JOSE SAUL', 'RECURSOS FINANCIEROS', 'saulvega@hotmail.com', '', 19),
(27, 'MENESES MENDOZA SONIA REGINA', 'POSGRADO', 'so_meneses@hotmail.com', '', 18),
(30, 'PEREZ PEREZ DANIEL', 'SISTEMAS Y COMPUTACION', 'dperez@ith.mx', '', 23),
(31, 'QUIJANO VEGA GIL ARTURO', 'POSGRADO', 'gilarturoq@hotmail.com', '', 18),
(35, 'VELAZQUEZ ORTEGA MARTHA ALIC ', 'ECONOMICO ADMINISTRATIVO', 'marthaliciav@yahoo.com.mx', '', 9),
(38, 'MONTA?O PI?A GUADALUPE', 'DIVISION DE ESTUDIOS PROFESIONALES', '', '', 8),
(40, 'SOOTS LOPEZ JOSE DE JESUS NETZAHUALCOYOTL', 'CIENCIAS BASICAS', '', '', 4),
(41, 'NAJERA MORUA FRANCISCO MARTIN', 'METAL-MECANICA', 'francisco_naj@yahoo.com.mx', '', 16),
(49, 'SAENZ PE?U?URI ROBERTO', 'SERVICIOS ESCOLARES', 'titulacion@ith.mx', '', 22),
(50, 'BARAJAS MARISCAL JESUS EMILIO ', 'SISTEMAS Y COMPUTACION', '', '', 23),
(51, 'NORIEGA VARGAS ROGELIO', 'INDUSTRIAL', '', '', 14),
(52, 'SALCEDA BUSTOS HERMINIO', 'ELECTRICA - ELECTRONICA', '', '', 10),
(54, 'SANCHEZ VALLES JAVIER', 'SISTEMAS Y COMPUTACION', '', '', 23),
(56, 'GARCIA ROBLES PATRICIA', 'COMUNICACI?N Y DIFUSION', 'licpatriciagarcia9@gmail.com', '', 5),
(59, 'ROSAS PANDURO DAGOBERTO', 'CIENCIAS BASICAS', '', '', 4),
(60, 'DUARTE TAUTIMES JAVIER FRANCISCO ', 'ECONOMICO ADMINISTRATIVO', '', '', 9),
(61, 'MONTEVERDE GUTIERREZ HECTOR GONZALO', 'CIENCIAS BASICAS', 'he_monteverde@ith.mx', '', 4),
(67, 'SANTANA ROJAS MARIA ASUNCION', 'CIENCIAS BASICAS', 'm_asun3@hotmail.com', '', 4),
(70, 'VALDEZ GARCIA FRANCISCO JAVIER ', 'METAL-MECANICA', '', '', 16),
(72, 'AGUERO BORBON VICTOR MANUEL ', 'METAL-MECANICA', '', '', 16),
(73, 'RAMIREZ MIRANDA MARIA DEL CONSUELO', 'PLANEACION, PROG. E INFRAES.', 'connye_7227@hotmail.com', '', 17),
(77, 'CORRAL SANDOVAL TRINIDAD    ', 'CIENCIAS BASICAS', 'trinidadcorral@gmail.com', '', 4),
(78, 'MARTINEZ VERDUGO MAGDA OLIVIA', 'POSGRADO', '', '', 18),
(80, 'GRANILLO CRUZ NOELIA ABIGAIL', 'RECURSOS HUMANOS', 'noe_aby@hotmail.com', '', 20),
(82, 'QUIJADA GARCIA ISMAEL', 'MANTENIMIENTO Y EQUIPO', '', '', 15),
(84, 'VELAZQUEZ MENDOZA MARIA DE JESUS ', 'POSGRADO', '', '', 18),
(86, 'GAYTAN MONTELONGO SERGIO ALBERTO', 'MANTENIMIENTO Y EQUIPO', 'imaginajlennon@hotmail.com', '', 15),
(87, 'MILLAN CASTRO ANA LUISA', 'POSGRADO', 'anamillan@ith.mx', '', 18),
(88, 'ALVAREZ FAVELA RUBEN', 'ELECTRICA - ELECTRONICA', '', '', 10),
(89, 'LEYVA FIMBRES SERGIO TADEO', 'METAL-MECANICA', '', '', 16),
(91, 'MADRID MTEZ JOSE ', 'SISTEMAS Y COMPUTACION', 'jmadrid@ith.mx', '', 23),
(92, 'DE LA VEGA BUSTILLOS ENRIQUE JAVIER ', 'POSGRADO', 'en_vega@ith.mx', '', 18),
(93, 'ATONDO SOTO MARIA DE LOURDES                      ', 'ECONOMICO ADMINISTRATIVO', 'mlourdes284@yahoo.com.mx', '', 9),
(95, 'VALENCIA BARRAGAN JOSE JESUS', 'ELECTRICA - ELECTRONICA', 'jjvalencia@gmail.com', '', 10),
(98, 'BOJORQUEZ CARRILLO RAYMUNDO ', 'SISTEMAS Y COMPUTACION', '', '', 23),
(101, 'MACPHERSON DUARTE ADALBERTO', 'CENTRO DE INFORMACION', '', '', 3),
(102, 'CRUZ LARIOS JAIME', 'ECONOMICO ADMINISTRATIVO', '', '', 9),
(104, 'VIVIAN CARLOS MA TERESA ', 'INDUSTRIAL', '', '', 14),
(105, 'ESQUERRA GASTELUM OCTAVIO ', 'ELECTRICA - ELECTRONICA', 'jcespinoza66@hotmail.com', '', 10),
(106, 'GONZALEZ LUNA FERNANDO ', 'ECONOMICO ADMINISTRATIVO', '', '', 9),
(108, 'CASTILLO OSUNA HECTOR FCO  ', 'ECONOMICO ADMINISTRATIVO', '', '', 9),
(109, 'PERALTA AGUIRRE RAFAEL', 'INDUSTRIAL', '', '', 14),
(116, 'GODINEZ RAMIREZ FERNANDO', 'SERVICIOS ESCOLARES', 'fgr650914@hotmail.com', '', 22),
(117, 'ALEXANDRES GARCIA MA GPE     ', 'SISTEMAS Y COMPUTACION', 'galexandres@yahoo.com.mx', '', 23),
(119, 'SARRAZIN FLORES DAVID LEOPOLDO ', 'ELECTRICA - ELECTRONICA', 'da_sarrazin@ith.mx', '', 10),
(121, 'CORDOVA SUAREZ ALBERTO', 'INDUSTRIAL', '', '', 14),
(122, 'ARRIZON PENA RAMON', 'ELECTRICA - ELECTRONICA', '', '', 10),
(123, 'SANCHEZ SOTO MARTHA ELENA', 'ECONOMICO ADMINISTRATIVO', '', '', 9),
(124, 'VASQUEZ VALENZUELA EVA A ', 'ECONOMICO ADMINISTRATIVO', 'ev_vasquez@ith.mx', '', 9),
(125, 'CORRAL GUERRERO ALMA VIANEY', 'GESTION TECNOLOGICA Y VINCULACION', '', '', 12),
(128, 'GARCIA BRACAMONTE RAMON ANGEL ', 'MANTENIMIENTO Y EQUIPO', '', '', 15),
(131, 'WENDLANDT HURTADO FRANCISCO JAVIER ', 'METAL-MECANICA', 'panwen_2000@yahoo.com', '', 16),
(132, 'LLANEZ ESCALANTE ROSALVA ', 'ECONOMICO ADMINISTRATIVO', 'rosalvallanez@hotmail.com', '', 9),
(133, 'DUARTE SAINZ NICOLAS', 'RECURSOS MATERIALES Y SERVICIOS', '', '', 21),
(134, 'RENTERIA GUERRERO LUIS', 'POSGRADO', 'lrenteri@gmail.com', '', 18),
(135, 'MARTINEZ CHAVEZ GABRIEL', 'CIENCIAS BASICAS', 'gabrielmc67@yahoo.com', '', 4),
(136, 'YANEZ GERMAN LORENA ARACELI', 'CENTRO DE COMPUTO ADTIVO', 'layanezsosa@hotmail.com', '', 2),
(137, 'SEVILLA ZAZUETA MARTHA PATRICIA ', 'SISTEMAS Y COMPUTACION', '', '', 23),
(138, 'CARDENAS GARCIA LUIS ALFONSO', 'METAL-MECANICA', 'luiscardenas03@yahoo.com.mx', '', 16),
(140, 'JIMENEZ IBARRA  PATRICIA ANGELICA', 'CIENCIAS BASICAS', '', '', 4),
(141, 'BOJORQUEZ ALDAPA CARMEN MARIA', 'ECONOMICO ADMINISTRATIVO', '', '', 9),
(142, 'CORONADO LOPEZ LUIS REY', 'SISTEMAS Y COMPUTACION', '', '', 23),
(143, 'LOPEZ GONZALEZ SERGIO MIGUEL', 'RECURSOS MATERIALES Y SERVICIOS', '', '', 21),
(146, 'RUBALCAVA ARMENTA SUSANA', 'SERVICIOS ESCOLARES', 'susyrubalcava@hotmail.com', '', 22),
(147, 'LOPEZ RIOS MARIO', 'CIENCIAS BASICAS', '', '', 4),
(148, 'PAZ Y PUENTE RAMIREZ ALFONSO', 'ECONOMICO ADMINISTRATIVO', '', '', 9),
(151, 'URUCHURTU AHUMADA MA. DEL CARMEN', 'SERVICIOS ESCOLARES', 'macarmenuruchurtu@hotmail.com', '', 22),
(152, 'ENCINAS ORTIZ MANUEL', 'RECURSOS MATERIALES Y SERVICIOS', '', '', 21),
(153, 'CORDOVA SANCHEZ BRENDA JULIETA ', 'METAL-MECANICA', '', '', 16),
(154, 'ACOSTA BELTRAN LORENIA', 'RECURSOS MATERIALES Y SERVICIOS', '', '', 21),
(157, 'SOTO MADERO SIRLEY DENISSE', 'RECURSOS HUMANOS', 'sirleysotomadero@outlook.com', '', 20),
(158, 'CASTELLANOS LOPEZ PEDRO JORGE', 'PLANEACION, PROG. E INFRAES.', 'castellanos.com@hotmail.com', '', 17),
(161, 'VALDEZ DUARTE RENE ', 'ELECTRICA - ELECTRONICA', 'yosonora@hotmail.com', '', 10),
(163, 'TORRES JOSE ALFREDO', 'MANTENIMIENTO Y EQUIPO', '', '', 15),
(165, 'GONZALEZ FIGUEROA OSWALDO', 'PLANEACION, PROG. E INFRAES.', '', '', 17),
(169, 'MESINAS CORTES CESAR', 'ECONOMICO ADMINISTRATIVO', '', '', 9),
(173, 'PITA MEJIA GUILLERMO BERNARDINO', 'ECONOMICO ADMINISTRATIVO', '', '', 9),
(174, 'CORDOVA CORDOVA HECTOR MARTIN', 'ELECTRICA - ELECTRONICA', 'hmcordava@yahoo.com', '', 10),
(175, 'TORRES FLORES ANTONIO ', 'INDUSTRIAL', 'antonio@ipchermosillo.com', '', 14),
(178, 'CAMACHO HERNANDEZ ANA MARIA', 'ECONOMICO ADMINISTRATIVO', 'acamacho22mx@yahoo.es', '', 9),
(179, 'FLORES LOPEZ JULIO CESAR ', 'SISTEMAS Y COMPUTACION', 'jflores@ith.mx', '', 23),
(181, 'ROSE GOMEZ CESAR ENRIQUE ', 'POSGRADO', 'crosee@ith.mx', '', 18),
(183, 'JACOBO VALADEZ CARMEN NERISSA ', 'ECONOMICO ADMINISTRATIVO', 'nerissa_jacobo@hotmail.com', '', 9),
(184, 'GARCIA BRACAMONTES EMMA ANGELICA', 'DESARROLLO ACADEMICO', 'angelicagarcia@yahoo.com', '', 6),
(185, 'MORENO LOPEZ SANDRA LUZ', 'CENTRO DE INFORMACION', '', '', 3),
(186, 'GOMEZ MENDEZ  ROBERTO CARLOS', 'CENTRO DE INFORMACION', 'rcgmzmdz@gmail.com', '', 3),
(187, 'SERRANO GUZAINO LUZ MARINA', 'SERVICIOS ESCOLARES', 'luzmarina.serrano@hotmail.com', '', 22),
(188, 'AAACEDO RUIZ ROGELIO', 'METAL-MECANICA', 'rogelioacedo@hotmail.com', '', 16),
(190, 'NORIEGA CASTILLO RAMON GILBERTO', 'RECURSOS MATERIALES Y SERVICIOS', 'rgnoriega@yahoo.com.mx', '', 21),
(191, 'GARCIA GARCIA GILBERTO', 'CENTRO DE INFORMACION', '', '', 3),
(192, 'ESPINOZA MENDOZA JULIO CESAR', 'CENTRO DE INFORMACION', 'jcespinoza66@hotmail.com', '', 3),
(193, 'LEY QUIJADA CECILIA MARGARITA', 'SISTEMAS Y COMPUTACION', '', '', 23),
(194, 'SOLIS SANTOSCOY JESUS M ', 'ELECTRICA - ELECTRONICA', '', '', 10),
(195, 'RIVERA CASTILLO CARMEN ADOLFO', 'POSGRADO', '', '', 18),
(196, 'GARCIA BOJORQUEZ VICTOR DANIEL ', 'ECONOMICO ADMINISTRATIVO', 'vdaniel75@hotmail.com', '', 9),
(199, 'HINOSTROZA GTEZ RAMON E   ', 'SISTEMAS Y COMPUTACION', 'ramonhino@hotmail.com', '', 23),
(201, 'SANCHEZ OZUNA MARGARITA', 'SISTEMAS Y COMPUTACION', 'lily75mar@gmail.com', '', 23),
(202, 'FEDERICO DIAZ GLORIA GUADALUPE ', 'SISTEMAS Y COMPUTACION', '', '', 23),
(204, 'VARGAS SANTOS JOSE ANTONIO ', 'CIENCIAS BASICAS', '', '', 4),
(205, 'LOPEZ NAVARRO SANTOS', 'CIENCIAS BASICAS', '', '', 4),
(207, 'TARIN FONTES JESUS M ', 'ELECTRICA - ELECTRONICA', 'jesustarin55@hotmail.com', '', 10),
(208, 'VALENZUELA HUERTA ANA ALICIA ', 'SISTEMAS Y COMPUTACION', 'anaith2003@hotmail.com', '', 23),
(211, 'RODRIGUEZ CORDOVA JOSE', 'ELECTRICA - ELECTRONICA', '', '', 10),
(212, 'ARENAS HERNANDEZ RAFAEL ', 'ECONOMICO ADMINISTRATIVO', 'ra_arenas@ith.mx', '', 9),
(213, 'ORTIZ BRACAMONTE RODOLFO', 'INDUSTRIAL', 'rodolortiz_62@hotmail.com', '', 14),
(214, 'HERNANDEZ BALBUENA RUBEN ', 'ECONOMICO ADMINISTRATIVO', '', '', 9),
(215, 'CORONADO LOPEZ MARIA JESUS', 'ELECTRICA - ELECTRONICA', '', '', 10),
(216, 'LUGO JOSE MANUEL', 'SISTEMAS Y COMPUTACION', '', '', 23),
(219, 'MARTINEZ FIGUEROA MARIA LUCINA', 'ELECTRICA - ELECTRONICA', '', '', 10),
(220, 'BONILLAS OLIVAS ROGELIO        ', 'METAL-MECANICA', '', '', 16),
(221, 'VILLARREAL RAMOS EVANGELINA ', 'ECONOMICO ADMINISTRATIVO', '', '', 9),
(222, 'CONTRERAS GIRON RITA', 'SISTEMAS Y COMPUTACION', 'rcontreras@ith.mx', '', 23),
(223, 'RIVERA ARMENDARIZ FRANCISCA ', 'ECONOMICO ADMINISTRATIVO', 'francisca_56@yahoo.com.mx', '', 9),
(226, 'ENCINAS GAXIOLA PETRA JUDITH', 'DIRECCION', '', '', 7),
(227, 'CA?EZ GRACIA JOSE ALFREDO ', 'ECONOMICO ADMINISTRATIVO', 'cagx2804@yahoo.com.mx', '', 9),
(230, 'VAZQUEZ ORTIZ JOAQUIN ', 'SISTEMAS Y COMPUTACION', 'joaquin@ith.mx', '', 23),
(232, 'GAMEZ LEYVA JOSE LUIS', 'RECURSOS MATERIALES Y SERVICIOS', '', '', 21),
(233, 'ALCANTAR MONROY GILBERTO', 'CIENCIAS BASICAS', '', '', 4),
(234, 'CASTILLO CARRILLO RAUL VICENTE ', 'ELECTRICA - ELECTRONICA', 'raulcastillo@yahoo.com.mx', '', 10),
(236, 'DORAME VELASQUEZ MAXIMINO ', 'CIENCIAS BASICAS', '', '', 4),
(237, 'MAYTORENA SILVA JULIAN FRANCISCO', 'MANTENIMIENTO Y EQUIPO', 'julianf@gmail.com', '', 15),
(238, 'ACOSTA LOPEZ TOMAS RUBEN', 'ECONOMICO ADMINISTRATIVO', '', '', 9),
(239, 'VALADEZ CADENA MARIA LUISA', 'INDUSTRIAL', '', '', 14),
(240, 'MENDEZ SALAZAR MARIA ESTHELA', 'SUBDIRECCION ACADEMICA', 'mesthelams@hotmail.com', '', 24),
(241, 'TORRES DUARTE SANDRA AMALIA', 'EXTRAESCOLARES', '', '', 11),
(243, 'LOPEZ CRUZ LUIS CARLOS', 'SISTEMAS Y COMPUTACION', '', '', 23),
(244, 'MORENO HERNANDEZ CANDELARIO', 'METAL-MECANICA', '', '', 16),
(245, 'LOPEZ DE LA ROCHA SANDRA PATRICIA', 'SISTEMAS Y COMPUTACION', '', '', 23),
(246, 'MENDEZ NORIEGA ANA SOFIA       ', 'ECONOMICO ADMINISTRATIVO', 'mendeznoriega.anasofia@yahoo.es', '', 9),
(248, 'BUSTAMANTE LOPEZ ANA BERTA', 'RECURSOS HUMANOS', 'any_0560@hotmail.com', '', 20),
(249, 'ESTRELLA LOPEZ RAMON ANGEL', 'METAL-MECANICA', 'raestrella64@yahoo.com.mx', '', 16),
(251, 'PABLOS LUGO ARMANDO', 'CIENCIAS BASICAS', 'armandopablos@hotmail.com', '', 4),
(253, 'MAYTORENA RICO J MANUEL', 'METAL-MECANICA', '', '', 16),
(255, 'MACHICHI VALDEZ MARIA DEL CARMEN', 'DIVISION DE ESTUDIOS PROFESIONALES', 'm_carmen_mv@hotmail.com', '', 8),
(257, 'HOYO MONTANO JOSE ANTONIO ', 'POSGRADO', 'jhoyo@ith.mx', '', 18),
(258, 'LAUTERIO ENCINAS J JESUS', 'CIENCIAS BASICAS', '', '', 4),
(262, 'MENDEZ GALVEZ ALMA IRENE', 'ECONOMICO ADMINISTRATIVO', '', '', 9),
(264, 'CORONADO QUINTANA JORGE LUIS', 'ELECTRICA - ELECTRONICA', '', '', 10),
(266, 'TOLEDO GUILLEN CARLOS ARTURO ', 'CIENCIAS BASICAS', '', '', 4),
(268, 'GRIEGO GALLEGOS MANUEL   ', 'ECONOMICO ADMINISTRATIVO', '', '', 9),
(269, 'MELENDEZ MONTIEL FRANCISCO', 'ELECTRICA - ELECTRONICA', 'frafre2010@gmail.com', '', 10),
(270, 'ZEPEDA MIRAMONTES FRANCISCA LORENA ', 'SISTEMAS Y COMPUTACION', 'fr_zepeda@ith.mx', '', 23),
(272, 'RIVERA FLORES MARIA DE JESUS', 'CIENCIAS BASICAS', '', '', 4),
(273, 'SERNA ENCINAS MARIA TRINIDAD', 'POSGRADO', 'tserna@ith.mx', '', 18),
(274, 'ROMERO DUENAS MARTHA ALICIA', 'SISTEMAS Y COMPUTACION', '', '', 23),
(275, 'MU?IZ RAZO RAFAEL', 'ECONOMICO ADMINISTRATIVO', '', '', 9),
(277, 'LOPEZ TOSTADO HILDA MARISSA', 'RECURSOS FINANCIEROS', '', '', 19),
(280, 'APODACA MONTANO MARIA DEL ROSARIO', 'SISTEMAS Y COMPUTACION', 'pekocita06@gmail.com', '', 23),
(281, 'SOTO PATRON DARIO ', 'ECONOMICO ADMINISTRATIVO', 'dariosotopatron@hotmail.com', '', 9),
(282, 'RUIZ DOMINGUEZ GERMAN ALONSO', 'POSGRADO', 'gruiz@ith.mx', '', 18),
(286, 'ARIAS GUZMAN CLAUDIA LETICIA', 'ECONOMICO ADMINISTRATIVO', '', '', 9),
(289, 'MONROY JIMENEZ CARLOS GILBERTO', 'ELECTRICA - ELECTRONICA', '', '', 10),
(291, ' CID FRANCO LUIS GONZAGA DEL', 'RECURSOS MATERIALES Y SERVICIOS', '', '', 21),
(292, 'DELGADO ORTIZ ARACELI', 'SERVICIOS ESCOLARES', '', '', 22),
(294, 'TELLEZ MOROYOQUI MARIA DE JESUS ', 'INDUSTRIAL', '', '', 14),
(295, 'PULIDO BURBOA MARIA DEL ROSARIO', 'INDUSTRIAL', '', '', 14),
(296, 'MEDELLIN VALDEZ FRANCISCO', 'ELECTRICA - ELECTRONICA', 'fmedellinv@hotmail.com', '', 10),
(297, 'ORRANTIA DANIEL GILBERTO', 'INDUSTRIAL', '', '', 14),
(298, 'DUARTE NU?EZ IVAN FERNANDO', 'RECURSOS MATERIALES Y SERVICIOS', '', '', 21),
(299, 'GARCIA GAMEZ LEONOR ', 'METAL-MECANICA', 'leonorgg2@gmail.com', '', 16),
(300, 'AHUMADA FLORES JOSE CARLOS', 'CIENCIAS BASICAS', '', '', 4),
(301, 'PERALTA RAMIREZ MARCO ANTONIO', 'MANTENIMIENTO Y EQUIPO', '', '', 15),
(302, 'TERAN CONTRERAS MARTHA CECILIA ', 'POSGRADO', '', '', 18),
(304, 'PERALTA MORENO IVONNE', 'ECONOMICO ADMINISTRATIVO', 'peralta_ivonne@yahoo.com.mx', '', 9),
(305, 'HERNANDEZ LOPEZ GUILDA GRIZEL ', 'ECONOMICO ADMINISTRATIVO', 'grizell2202@gmail.com', '', 9),
(306, 'GUTIERREZ CAMPOS DAVID RAMON ', 'ECONOMICO ADMINISTRATIVO', '', '', 9),
(308, 'GUTIERREZ COTA JORGE DAVID ', 'SISTEMAS Y COMPUTACION', 'xjorgedavid@gmail.com', '', 23),
(309, 'CARRILLO ATONDO MARIA DE LOS ANGELES', 'ECONOMICO ADMINISTRATIVO', '', '', 9),
(311, 'NAVA AVILES CARLOS ALBERTO', 'CIENCIAS BASICAS', 'carlosanava@gmail.com', '', 4),
(312, 'HERNANDEZ AGUIRRE FREDY ALBERTO', 'POSGRADO', 'faha.singapur@gmail.com', '', 18),
(313, 'BORBOA ACOSTA EUGENIO', 'METAL-MECANICA', '', '', 16),
(317, 'MOLINA QUIJADA JOSE LUIS', 'METAL-MECANICA', 'jlmolinaq@gmail.com', '', 16),
(318, 'MANJARREZ VERDUZCO VICTOR JOEL', 'RECURSOS HUMANOS', '', '', 20),
(322, 'ISLAS SEPULVEDA MARIA DEL CARMEN', 'SISTEMAS Y COMPUTACION', '', '', 23),
(323, 'VALVERDE GUZMAN FLORENTINO ', 'METAL-MECANICA', 'tinoval66@hotmail.com', '', 16),
(324, 'ISLAS CARBAJAL ENRIQUE EDMUNDO', 'ECONOMICO ADMINISTRATIVO', 'ened.islas@gmail.com', '', 9),
(325, 'FERNANDEZ DIAZ ENRIQUE', 'CIENCIAS BASICAS', '', '', 4),
(326, 'QUIROGA DE LA TORRE MARIA ANTONIETA', 'CIENCIAS BASICAS', 'marianquit@hotmail.com', '', 4),
(327, 'RIVERA LANDAVERDE RODOLFO ULISES', 'INDUSTRIAL', '', '', 14),
(329, 'TRUJILLO VENEGAS DOMINGO ', 'SISTEMAS Y COMPUTACION', '', '', 23),
(330, 'JIMENEZ FERNANDEZ MA ELSA ', 'ECONOMICO ADMINISTRATIVO', '', '', 9),
(331, 'GARCIA SEGURA CLAUDIA SOFIA ', 'SISTEMAS Y COMPUTACION', '', '', 23),
(333, 'PACHECO REYES FRANCISCO JAVIER', 'MANTENIMIENTO Y EQUIPO', 'johwin_74@hotmail.com', '', 15),
(336, 'DORAME DUARTE MARTINA FRANCISCA', 'EXTRAESCOLARES', 'martina_dorame13@hotmail.com', '', 11),
(337, 'ZUNIGA MORALES JOSE JESUS ', 'ELECTRICA - ELECTRONICA', '', '', 10),
(340, 'GARCIA CANTON JUAN PABLO', 'ELECTRICA - ELECTRONICA', 'gcanton34@gmail.com', '', 10),
(342, 'RAMIREZ ADAME MARIA DEL ROSIO', 'SISTEMAS Y COMPUTACION', '', '', 23),
(343, 'NUNEZ TANORI JESUS FRANCISCO', 'SISTEMAS Y COMPUTACION', '', '', 23),
(344, 'VASQUEZ ORTIZ JOSE MARTIN ', 'SISTEMAS Y COMPUTACION', '', '', 23),
(345, 'CASTELLANOS LOPEZ PEDRO IVAN', 'ECONOMICO ADMINISTRATIVO', 'ivancl77@hotmail.com', '', 9),
(347, 'SANTA CRUZ WELSH BETTINA ELISA', 'SISTEMAS Y COMPUTACION', 'b_stacruz@yahoo.com.mx', '', 23),
(348, 'LUGO ZUNIGA CAROLINA', 'INDUSTRIAL', '', '', 14),
(351, 'HUERTA CASTILLO MARIA YOLANDA ', 'SISTEMAS Y COMPUTACION', 'ma_huerta@ith.mx', '', 23),
(352, 'SALAZAR CAMPOY MATILDE', 'SISTEMAS Y COMPUTACION', '', '', 23),
(354, 'MANCINAS GONZALEZ ABELARDO', 'SISTEMAS Y COMPUTACION', '', '', 23),
(356, 'CORONADO LUGO FRANCISCO JAVIER', 'SERVICIOS ESCOLARES', 'fj_coronado@hotmail.com', '', 22),
(357, 'LOPEZ MILLAN FRANCISCO OCTAVIO', 'INDUSTRIAL', '', '', 14),
(358, 'DIAZ MURO MARTHA ESTELA', 'POSGRADO', '', '', 18),
(361, 'CUAMEA CRUZ GUILLERMO ', 'INDUSTRIAL', '', '', 14),
(363, 'TERAN ANDRADE FRANCISCA ', 'ECONOMICO ADMINISTRATIVO', 'fcateran@gmail.com', '', 9),
(366, 'TORRES HOLGUIN BEATRIZ ', 'ECONOMICO ADMINISTRATIVO', '', '', 9),
(367, 'LEON LOPEZ MARTHA ELVIA', 'DIRECCION', '', '', 7),
(368, 'PEREYDA PIERRE CARLOS ALBERTO', 'CIENCIAS BASICAS', 'cpereyda@gmail.com', '', 4),
(369, 'ARELLANO TANORI OSCAR VIDAL', 'CIENCIAS BASICAS', '', '', 4),
(370, 'RODRIGUEZ PEREZ JOSE MIGUEL ', 'POSGRADO', 'joserp@hotmail.com', '', 18),
(371, 'ECHEAGARAY PE?A  MARTHA LETICIA', 'DIRECCION', '', '', 7),
(372, 'MEZA PARTIDA GERARDO', 'INDUSTRIAL', 'ge_meza@ith.mx', '', 14),
(373, ' CID FRANCO ABELARDO DEL', 'RECURSOS MATERIALES Y SERVICIOS', '', '', 21),
(376, 'IBARRA LEMAS FRANCISCO GABRIEL', 'SISTEMAS Y COMPUTACION', '', '', 23),
(377, 'AMPARAN MARTINEZ SERGIO RODRIGO ', 'INDUSTRIAL', 's_amparan@yahoo.com', '', 14),
(378, 'RODRIGUEZ RUBIO FRANCISCO ANTONIO', 'INDUSTRIAL', 'pancho0226@yahoo.com.mx', '', 14),
(379, 'PLATA MARTINEZ GUILLERMO SALVADOR', 'INDUSTRIAL', '', '', 14),
(380, 'OCHOA LANDIN DAMASO OCTAVIO', 'METAL-MECANICA', 'sirod34@outlook.com', '', 16),
(381, 'QUINTANAR QUNTANAR ALEJANDRO', 'SISTEMAS Y COMPUTACION', 'shaman@gmail.com', '', 23),
(382, 'MOCTEZUMA ENRIQUEZ ISIDRA GUADALUPE ', 'SISTEMAS Y COMPUTACION', 'isidra.ithermosillo@gmail.com', '', 23),
(385, 'MEDINA GUTIERREZ JOSE DE JESUS', 'ELECTRICA - ELECTRONICA', 'ing.eduardomedina@gmail.com', '', 10),
(387, 'CHAVEZ MENDIOLA EDUARDO ', 'METAL-MECANICA', 'echavez@hotmail.com', '', 16),
(389, 'MENDOZA ROBLES ALFONSO', 'SISTEMAS Y COMPUTACION', '', '', 23),
(391, 'CERON FRANCO AURELIANO ', 'METAL-MECANICA', 'aceronf@gmail.com', '', 16),
(397, 'ESTUPI?AN SALCIDO LORENA ', 'INDUSTRIAL', 'lorena_estupinan@hotmail.com', '', 14),
(399, 'SANCHEZ FERMIN ROSA IRENE ', 'ECONOMICO ADMINISTRATIVO', 'rosysanchzt@outlook.com', '', 9),
(401, 'GARCIA JOSE ALBERTO ', 'ELECTRICA - ELECTRONICA', '', '', 10),
(407, 'CASTELLANOS LOPEZ PEDRO ANUAR ', 'INDUSTRIAL', 'cl_anuar@yahoo.com.mx', '', 14),
(409, 'PRECIADO LEON JULIA GRACIELA', 'CIENCIAS BASICAS', 'julia.atondo@gmail.com', '', 4),
(412, 'RIVERA NIEBLAS JORGE OSWALDO', 'METAL-MECANICA', '', '', 16),
(413, 'CORRALES NAVARRO CRISOFORO ', 'ECONOMICO ADMINISTRATIVO', '', '', 9),
(414, 'CHAVARIN AVILA ANA', 'ECONOMICO ADMINISTRATIVO', '', '', 9),
(417, 'GARCIA GONZALEZ HUMBERTO', 'METAL-MECANICA', '', '', 16),
(434, 'PEREZ ARCE FRANCISCO JAVIER', 'EXTRAESCOLARES', 'fcoperez@hotmail.com', '', 11),
(437, 'ENCINAS DEL CASTILLO ANA ROSA', 'INDUSTRIAL', '', '', 14),
(438, 'CORRAL GUERRERO ROSA AHIME ', 'CIENCIAS BASICAS', '', '', 4),
(440, 'BETANCOURT RIERA RICARDO', 'CIENCIAS BASICAS', 'rbetancourt2012@gmail.com', '', 4),
(441, 'LOPEZ GONZALEZ ISABEL CRISTINA', 'ECONOMICO ADMINISTRATIVO', '', '', 9),
(442, 'BORQUEZ GAMBOA JOSE JESUS CAYETANO ', 'CIENCIAS BASICAS', 'ith990@hotmail.com', '', 4),
(443, 'BETANCOURT RIERA RENE ', 'CIENCIAS BASICAS', 'rbriera@gmail.com', '', 4),
(445, 'FERRER MORENO LAZARO ALBERTO', 'CIENCIAS BASICAS', '', '', 4),
(456, 'GASCA FIGUEROA EDUARDO ', 'SISTEMAS Y COMPUTACION', 'eduardo.gasca@hotmail.com', '', 23),
(459, 'MEDELLIN VALDEZ ALEJANDRO', 'ELECTRICA - ELECTRONICA', '', '', 10),
(461, 'LUCERO DUARTE KARLA PATRICIA', 'INDUSTRIAL', '', '', 14),
(463, 'MEDELLIN VALDEZ ANGEL', 'METAL-MECANICA', '', '', 16),
(465, 'VALDEZ BALDERA MIRIAM LILIAN ', 'ECONOMICO ADMINISTRATIVO', '', '', 9),
(466, 'NAVARRO URIBE JOSE MARIANO ARNOLDO', 'INDUSTRIAL', '', '', 14),
(467, 'ZEPEDA VERDUGO ILIANA JANETTE', 'PLANEACION, PROG. E INFRAES.', 'ilyana63@hotmail.com', '', 17),
(468, 'MORENO RUIZ ELMER', 'ELECTRICA - ELECTRONICA', '', '', 10),
(469, 'RODRIGUEZ ELIAS OSCAR MARIO', 'POSGRADO', 'omrodriguez@ith.mx', '', 18),
(473, 'ZAYAS CASTILLO ROMAN ALBERTO', 'ELECTRICA - ELECTRONICA', 'romanzayas@yahoo.com.mx', '', 10),
(476, 'IBARRA ANGULO PEDRO LUIS ', 'INDUSTRIAL', 'pedroibarra21@hotmail.com', '', 14),
(477, 'CHEU BURGOS EDGAR', 'INDUSTRIAL', '', '', 14),
(480, 'MANZANO ROBLES ANA LIZETTE', 'INDUSTRIAL', '', '', 14),
(484, 'MENDEZ ORNELAS REY DAVID', 'METAL-MECANICA', '', '', 16),
(488, 'TERRAZAS HERNANDEZ DENNISE LIZZETTE', 'EXTRAESCOLARES', '', '', 11),
(492, 'SANTOS LUIS CARLOS', 'ELECTRICA - ELECTRONICA', '', '', 10),
(499, 'MEDINA INZUNZA ISELA GPE', 'RECURSOS FINANCIEROS', '', '', 19),
(508, 'MOCTEZUMA ENRIQUEZ DAMIAN', 'ELECTRICA - ELECTRONICA', '', '', 10),
(509, 'DEL SOL RANGEL MARTIN DANIEL', 'INDUSTRIAL', '', '', 14),
(511, 'LOPEZ MILLAN ANA SILVIA', 'COMUNICACION Y DIFUSION\r\n', 'comunicacion.ith@gmail.com', '', 9),
(519, 'CEBALLOS OSORIO JESUS JAIME', 'ELECTRICA - ELECTRONICA', '', '', 10),
(534, 'ZAMORA AGUIRRE MARTIN ROBERTO', 'CIENCIAS BASICAS', '', '', 4),
(541, 'ARCE ROMO CARLOS ALFREDO ', 'SISTEMAS Y COMPUTACION', '', '', 23),
(546, 'LIZARRAGA CORONADO IVONNE ESMERALDA', 'ECONOMICO ADMINISTRATIVO', '', '', 9),
(551, 'PEREZ ALVARADO LILIANA ', 'ECONOMICO ADMINISTRATIVO', '', '', 9),
(559, 'VALENCIA PALOMO GUILLERMO ', 'POSGRADO', 'gvalencia@ith.mx', '', 18),
(560, 'MORALES RIVERA MARCIA ALEJANDRA', 'DIRECCION', 'alejandra_351923@hotmail.com', '', 7),
(563, 'PRECIADO IBARRA SANDRA LUZ ', 'CENTRO DE INFORMACION\r\n', 'asdasd@asda.com', '', 9),
(566, 'LOPEZ BOJORQUEZ JOSE SERGIO', 'INDUSTRIAL', '', '', 14),
(567, 'CARRASCO GUIJON FERNANDO JAVIER', 'METAL -MECANICA', '', '', 16),
(568, 'MAYBOCA ARAUJO HILARIO', 'CIENCIAS BASICAS', 'hmayboca.ith@gmail.com', '', 4),
(570, 'CHEW LEE TERESA DE JESUS', 'POSGRADO', '', '', 18),
(573, 'GAVI?A ZEPEDA KARLA', 'ECONOMICO ADMINISTRATIVO', 'karla.gavina@gmail.com', '', 9),
(575, 'MAR HERNANDEZ PEDRO GUILLERMO ', 'ECONOMICO ADMINISTRATIVO', '', '', 9),
(576, 'HERNANDEZ FIMBRES BENJAMIN ', 'INDUSTRIAL', 'bherna@hotmail.com', '', 14),
(580, 'GOMEZ VASQUEZ MARTIN ARTURO ', 'ECONOMICO ADMINISTRATIVO', '', '', 9),
(583, 'GARCIA VIRGEN ALEJANDRA', 'DIRECCION', 'alegarciavirgen@hotmail.com', '', 7),
(590, 'VELARDE TALAMANTE TERESITA DE JESUS', 'INDUSTRIAL', '', '', 14),
(605, 'MORALES SOTO HIGINIO', 'METAL-MECANICA', '', '', 16),
(607, 'CORONADO ROBLES JOSE DE LA CRUZ', 'CIENCIAS BASICAS', '', '', 4),
(610, 'ORTEGA ENCINAS LEONEL ULISSES', 'INDUSTRIAL', '', '', 14),
(615, 'MURRIETA YESCAS RAFAEL', 'METAL-MECANICA', '', '', 16),
(616, 'CERVANTES ENCINAS MYRNA MYRIAM', 'ECONOMICO ADMINISTRATIVO', '', '', 9),
(619, 'ROJAS LOPEZ ALMA ELENA', 'SERVICIOS ESCOLARES', 'almaelena.rojas@hotmail.com', '', 22),
(620, 'LLANES ROMO ANA SILVIA   ', 'RECURSOS HUMANOS', 'anasilviallanes@hotmail.com', '', 20),
(621, 'SERRANO GUZAINO IRMA CARLOTA', 'RECURSOS FINANCIEROS', '', '', 19),
(622, 'DUARTE NU?EZ MARICRUZ', 'ELECTRICA - ELECTRONICA', 'mduartenunez@yahoo.com', '', 10),
(623, 'NUZTAS ALCANTAR RAYMUR', 'CENTRO DE COMPUTO ADTIVO', '', '', 2),
(626, 'GAMEZ MURILLO ANGEL CASIMIRO  ', 'RECURSOS MATERIALES Y SERVICIOS', '', '', 21),
(627, 'MOLINA JACOTT ROBERTO', 'RECURSOS MATERIALES Y SERVICIOS', '', '', 21),
(630, 'ROBLES ARANA GUILLERMO', 'ECONOMICO ADMINISTRATIVO', '', '', 9),
(631, 'HUERTA CARBALLEDA EDUARDO LUCAS ', 'POSGRADO', '', '', 18),
(633, 'ELIAS CLAVERO MINERVA', 'RECURSOS HUMANOS', '', '', 20),
(640, 'GRIJALVA ACU?A JUAN CARLOS', 'ELECTRICA - ELECTRONICA', '', '', 10),
(641, 'MORENO MARTINEZ GABRIELA  ', 'METAL-MECANICA', 'gabriela__moreno@hotmail.com', '', 16),
(650, 'LOPEZ ZAMANO ROSARIO', 'ECONOMICO ADMINISTRATIVO', '', '', 9),
(657, 'TORRES AMAVIZCA ESTHELA FERNANDA', 'SISTEMAS Y COMPUTACION', '', '', 23),
(658, 'LORTA VALDEZ SERGIO HUMBERTO', 'ELECTRICA - ELECTRONICA', '', '', 10),
(660, 'RAMIREZ TORRES FLOR', 'METAL-MECANICA', '', '', 16),
(662, 'SESMA MORENO JUAN MANUEL', 'METAL-MECANICA', '', '', 16),
(665, 'ORDU?O BENITEZ FRANCISCO ENRIQUE', 'RECURSOS MATERIALES Y SERVICIOS', '', '', 21),
(667, 'CAMPOY AYALA LOURDES', 'RECURSOS FINANCIEROS', '', '', 19),
(668, 'OCHOA SALCIDO GERARDO', 'INDUSTRIAL', '', '', 14),
(671, 'LOMELI GALAZ LUIS IGNACIO', 'METAL-MECANICA', '', '', 16),
(672, 'DEL VALLE ENCINAS JAVIER', 'ECONOMICO ADMINISTRATIVO', '', '', 9),
(681, 'CONTRERAS BELTRAN LOURDES', 'CIENCIAS BASICAS', '', '', 4),
(683, 'CORDOVA SUAREZ AARON', 'METAL-MECANICA', '', '', 16),
(684, 'MORGHEN GRADIAS JULIO', 'METAL-MECANICA', '', '', 16),
(687, 'RAMIREZ HERNANDEZ RODOLFO', 'INDUSTRIAL', '', '', 14),
(690, 'NAVA RIVERA LEOPOLDO', 'ECONOMICO ADMINISTRATIVO', '', '', 9),
(692, 'ACOSTA BELTRAN MANUEL DE JESUS', 'COMUNICACI?N Y DIFUSION', 'macostab75@gmail.com', '', 5),
(695, 'VALDEZ GAMEZ JOSE ANGEL', 'POSGRADO', '', '', 18),
(696, 'LUGO CABADA JUDITH VANESSA', 'RECURSOS MATERIALES Y SERVICIOS', '', '', 21),
(697, 'GRANILLO SIERRA ESTEBAN', 'RECURSOS MATERIALES Y SERVICIOS', '', '', 21),
(701, 'MARTINEZ MONTA?O JOSE LUIS', 'METAL-MECANICA', '', '', 16),
(702, 'OCHOA RUIZ CESAR HEBERTO', 'ELECTRICA - ELECTRONICA', '', '', 10),
(703, 'SANTOS SAUCEDA IRELA', 'METAL-MECANICA', '', '', 16),
(705, 'TAMAYO PEREZ MIGUEL ANGEL', 'METAL-MECANICA', '', '', 16),
(709, 'ROSAS YEPEZ HECTOR', 'ELECTRICA - ELECTRONICA', '', '', 10),
(713, 'CISNEROS CAMPOS ALFONSO', 'CIENCIAS BASICAS', '', '', 4),
(715, 'VALDEZ TAPIA ALEJANDRA', 'RECURSOS FINANCIEROS', '', '', 19),
(716, 'CHACON ELIAS MAYRA DENEB', 'COMUNICACI?N Y DIFUSION', '', '', 5),
(717, 'NU?EZ DEL CID FANUEL RANFELY', 'RECURSOS MATERIALES Y SERVICIOS', '', '', 21),
(720, 'ALCARAZ DOMINGUEZ CRISTAL ANEL', 'CIENCIAS BASICAS', '', '', 4),
(724, 'GARCIA CASTRO SUSANA ELIZABETH', 'METAL-MECANICA', '', '', 16),
(726, 'VALENZUELA OLIVAS CARLOS', 'METAL-MECANICA', '', '', 16),
(728, 'GAMEZ MEZA ALMA CATALINA ', 'CIENCIAS BASICAS', '', '', 4),
(730, 'RODRIGUEZ HERNANDEZ ZAYRA ZULEMA ', 'ECONOMICO ADMINISTRATIVO', '', '', 9),
(732, 'FERRRER GALINDO LISSET', 'CIENCIAS BASICAS', '', '', 4),
(733, 'SA?U GINARTE ALEJANDRO', 'CIENCIAS BASICAS', '', '', 4),
(734, 'AGANZA TORRES ALAN', 'CIENCIAS BASICAS', '', '', 4),
(735, 'VEJAR DELGADO GREGORIO', 'CIENCIAS BASICAS', '', '', 4),
(737, 'HEREDIA CANCINO JOSE ANTONIO', 'CIENCIAS BASICAS', '', '', 4),
(744, 'GUTIERREZ GARCIA VANIA IREDISA', 'CIENCIAS BASICAS', '', '', 4),
(745, 'LOPEZ IMPERIAL LAURA ELENA', 'INDUSTRIAL', '', '', 14),
(746, 'OCA?A BENITEZ ANGEL IGNACIO', 'CIENCIAS BASICAS', '', '', 4),
(747, 'SALGADO MEZA MICHELLE JUDITH', 'CIENCIAS BASICAS', '', '', 4),
(749, 'ARGUELLO CARRILLO ANTONIO', 'METAL -MECANICA', '', '', 16),
(750, 'CHAVEZ MACIAS JESUS ALEJANDRA', 'CIENCIAS BASICAS', '', '', 4),
(757, 'GAMI?O ACEVEDO DELCIA TERESITA', 'INDUSTRIAL', '', '', 14),
(759, 'MONTIJO VALENZUELA ELIEL EDUARDO', 'METAL-MECANICA', '', '', 16),
(760, 'MENDEZ SALAZAR LUIS', 'ELECTRICA - ELECTRONICA', '', '', 10),
(765, 'MOLINA LUZANIA JOSE ROBERTO', 'RECURSOS MATERIALES Y SERVICIOS', '', '', 21),
(766, 'ORDU?O OLIVARRIA BENITO', 'RECURSOS MATERIALES Y SERVICIOS', '', '', 21),
(772, 'ARCHULETA HERNANDEZ RICARDO', 'INDUSTRIAL', '', '', 14),
(773, 'VILLEGAS ORPINELA FRANCISCO JAVIER ', 'ECONOMICO ADMINISTRATIVO', '', '', 9),
(779, 'FLORES CHAVEZ FATIMA ELENA', 'METAL-MECANICA', '', '', 16),
(783, 'GUEVARA VALENZUELA ALEJANDRA', 'RECURSOS HUMANOS', '', '', 20),
(790, 'SOUFFLE HERNANDEZ JUAN MANUEL', 'CIENCIAS BASICAS', '', '', 4),
(791, 'MARTINEZ VILLA FRANCISCO ALBERTO', 'POSGRADO', '', '', 18),
(792, 'ILOKI ASSANGA SIMON BERNARD', 'BIOMEDICA', '', '', 1),
(793, 'ARVIZU QUIJADA MANUEL DAVID', 'RECURSOS MATERIALES Y SERVICIOS', '', '', 21),
(794, 'SANCHEZ GALVEZ SARAI ', 'POSGRADO', '', '', 18),
(795, 'HERRERA GALARZA JUAN ANTONIO', 'RECURSOS MATERIALES Y SERVICIOS', '', '', 21),
(796, 'FIGUEROA RODRIGUEZ MICHAEL ODRICED', 'COMUNICACI?N Y DIFUSION', 'mikefigueroarodriguez@gmail.com', '', 5),
(797, 'CLAUSEN SEVILLA JORGE EDGAR', 'CIENCIAS BASICAS', '', '', 4),
(798, 'DENNEY NORIS JORGE HUGO', 'ECONOMICO ADMINISTRATIVO', '', '', 9),
(799, 'RIVERA PE?U?URI REBECA ESTHER', 'ECONOMICO ADMINISTRATIVO', '', '', 9),
(800, 'CORONADO SOTO ARTURO DE JESUS', 'INDUSTRIAL', 'gokuronado@hotmail.com', '', 14),
(801, 'PEREZ ABRIL CAROLINA DEL CARMEN ', 'ECONOMICO ADMINISTRATIVO', '', '', 9),
(802, 'MARTINEZ PERALTA  CLAUDIA ', 'INDUSTRIAL', '', '', 14),
(803, 'BENITEZ MONGE HORACIO', 'METAL-MECANICA', '', '', 16),
(804, 'GOMEZ VALVERDE MARCO ANTONIO ', 'METAL-MECANICA', '', '', 16),
(806, 'VELAZQUEZ KRAFF ABRAHAM RAMSES', 'CIENCIAS BASICAS', '', '', 4),
(809, 'CERVANTES VAZQUEZ VIOLETA', 'ECONOMICO ADMINISTRATIVO', '', '', 9),
(816, 'AG?ERO VELAZQUEZ ANTONIO', 'ELECTRICA - ELECTRONICA', '', '', 10),
(821, 'SALLARD LARA MAURA CONSUELO', 'POSGRADO', '', '', 18),
(828, 'FELIX GARCIA SALVADOR', 'CIENCIAS BASICAS', '', '', 4),
(829, 'TORRES HOLGUIN MARCO ANTONIO', 'ELECTRICA - ELECTRONICA', '', '', 10),
(833, 'MIZQUEZ CAMPA ROLANDO', 'ELECTRICA - ELECTRONICA', '', '', 10),
(836, 'ARAGON GUAJARDO JESUS RAMIRO', 'CIENCIAS BASICAS', '', '', 4),
(839, 'RUBAL VALENCIA DANIEL', 'CIENCIAS BASICAS', '', '', 4),
(844, 'LOPEZ CHAVEZ RAFAEL', 'ELECTRICA - ELECTRONICA', '', '', 10),
(847, 'VILLANUEVA GRIJALVA OMAR ABRAHAM ', 'ELECTRICA - ELECTRONICA', '', '', 10),
(848, 'ARAGON LEON FELIX DAVID ', 'ELECTRICA - ELECTRONICA', '', '', 10),
(849, 'RAMOS CARRAZCO HUGO ', 'METAL-MECANICA', '', '', 16),
(850, 'GARCIA CRUZ XOCHITL MARIA', 'METAL-MECANICA', '', '', 16),
(851, 'CORONADO PORCHAS MIGUEL', 'ECONOMICO ADMINISTRATIVO', '', '', 9),
(852, 'GUTIERREZ VILLAREAL JESUS MANUEL', 'ELECTRICA - ELECTRONICA', '', '', 10),
(853, 'MARTINEZ PABLOS LAURA ALICIA ', 'ECONOMICO ADMINISTRATIVO', '', '', 9),
(854, 'HOYOS SERRANO ADRIANA MAR?A', 'ECONOMICO ADMINISTRATIVO', '', '', 9),
(856, 'SANCHEZ CHIU MARCELINA ANGELICA ', 'ECONOMICO ADMINISTRATIVO', '', '', 9),
(857, 'CASTELLANOS JARAMILLO  ALEJANDRO', 'CIENCIAS BASICAS', '', '', 4),
(858, 'ZAVALA MEDRANO JESUS ALBERTO ', 'ECONOMICO ADMINISTRATIVO', '', '', 9),
(859, 'MOLINA RAMIREZ TOMAS FERNANDO', 'CIENCIAS BASICAS', '', '', 4),
(860, 'PAREDES VAZQUEZ MARTIN ALEJANDRO ', 'ECONOMICO ADMINISTRATIVO', '', '', 9),
(861, 'LEON BARO LINANOE', 'IDIOMAS', '', '', 13),
(863, 'SAGASTA CEBALLOS JULIANNA', 'INDUSTRIAL', '', '', 14),
(866, 'MARTINEZ PRECIADO SERGIO ISRAEL ', 'ELECTRICA - ELECTRONICA', '', '', 10),
(870, 'LLAMAS MESEGUER JOSE ISRAEL', 'ECONOMICO ADMINISTRATIVO', '', '', 9),
(874, 'MORENO VALENZUELA RITA MARIA', 'RECURSOS MATERIALES Y SERVICIOS', '', '', 21),
(824, 'GERARDO ENRIQUEZ TERAN', 'IDIOMAS\r', 'gget87@gmail.com', 'iTh12345', 13),
(875, 'LUIS ANGEL NORIEGA OCHOA', 'CIENCIAS BASICAS\r', 'luisn8a@gmail.com', 'iTh12345', 4),
(763, 'ZAMORA OCHOA JOSE ALBERTO', 'IDIOMAS\r', 'joeystrokes@hotmail.com', 'iTh12345', 13),
(905, 'LUZ MARIA MARQUEZ AGUNDEZ', 'ELECTRICA - ELECTRONICA\r', 'lucyritzy@hotmail.com', 'iTh12345', 10),
(452, 'PALACIOS SEVILLA ELOISA MARIA', 'IDIOMAS\r', 'eloisapalacios@hotmail.com', 'iTh12345', 13),
(889, 'OLIVA GIL JOSE LUIS', 'CIENCIAS BASICAS\r', 'joseluisoliva@live.com.mx', 'iTh12345', 4),
(771, 'ANA SILVIA BENCOMO RASCON', 'IDIOMAS\r', 'bencomoana88@gmail.com', 'iTh12345', 13),
(877, 'MANUEL ALEJANDRO CISNEROS CAMPOS', 'INDUSTRIAL\r', 'cisnerosalejandro@hotmail.com', 'iTh12345', 14),
(908, 'JULIO CESAR IRIGOYEN IBARRA', 'ELECTRICA - ELECTRONICA\r', 'irigoyen_julio@hotmail.com', 'iTh12345', 10),
(902, 'LUZ DEL CARMEN ENRIQUEZ RODRIGUEZ', 'COMUNICACION Y DIFUSION\r\n', 'lucecita.enriquez@gmail.com', 'iTh12345', 5),
(787, 'RENE RUBEN GALAZ PALMA', 'ELECTRICA - ELECTRONICA\r', 'rene.galaz@hotmail.com', 'iTh12345', 10),
(896, 'DEBBIE VASQUEZ', 'INDUSTRIAL\r', 'dvasquezg.17@gmail.com', 'iTh12345', 14),
(909, 'MARCO ALEJANDRO RUIZ PRCIADO', 'CIENCIAS BASICAS\r', 'marko_rp@hotmail.com', 'iTh12345', 4),
(894, 'ANEL MARGARITA GALAVIZ CUEN', 'CIENCIAS BASICAS\r', 'anel_3128@hotmail.com', 'iTh12345', 4),
(881, 'FRANCISCO JESUS SOUFFLE RAMOS ', 'CIENCIAS BASICAS\r', 'souffleii@gmail.com', 'iTh12345', 4),
(895, 'KARINA AIDEE LARA BARRERA', 'METAL-MECANICA\r', 'karinalarabarrera@hotmail.com', 'iTh12345', 16),
(886, 'LUIS ANTONIO MARQUEZ AGUDEZ', 'ELECTRICA - ELECTRONICA\r', 'lagm180@hotmail.com', 'iTh12345', 10),
(885, 'CHRISTIAN JAVIER SALAS JUAREZ', 'CIENCIAS BASICAS\r', 'salasjuarez@gimmunson.com', 'iTh12345', 4),
(901, 'LOPEZ MARTINEZ LUIS MIGUEL', 'CIENCIAS BASICAS\r', 'nohay@gmail.com', 'iTh12345', 4),
(827, 'GLENDA AZUCENAALCANTAR ARELLANO', 'IDIOMAS\r', 'sdprepa2015@gmail.com', 'iTh12345', 13),
(880, 'NORBERTO FLEITAS TRUJILLO', 'CIENCIAS BASICAS\r', 'tleitas1946@gmail.com', 'iTh12345', 4),
(899, 'LUIS FERNANDO UREÃ‘A MIRANDA', 'ELECTRICA - ELECTRONICA\r', 'luisf.urena23@gmail.com', 'iTh12345', 10),
(882, 'MABY DENIA SANCHEZ GONZALEZ', 'ECONOMICO ADMINISTRATIVO\r', 'mdsg@live.com.mx', 'iTh12345', 9),
(887, 'JORGE LUIS IRIQUI RAZCON', 'CIENCIAS BASICAS\r', 'j_iriqui@hotmail.com', 'iTh12345', 4),
(912, 'KARLA LUCIA DURAZO MENDEZ', 'INDUSTRIAL\r', 'ING.KARLADURAZO@GMAIL.COM', 'iTh12345', 14),
(883, 'DIANA LIZET LOPEZ ESPINOZA', 'INDUSTRIAL\r', 'diana_lopez@live.com.mx', 'iTh12345', 14),
(710, 'CLAUDIA ELIZABETH ANDRADE OCHOA', 'SISTEMAS Y COMPUTACION\r', 'andrade8a@gmail.com', 'iTh12345', 23),
(910, 'ANDRADE OCHOA CLAUDIA ELIZABETH', 'SISTEMAS Y COMPUTACION\r', 'andrade84@gmail.com', 'iTh12345', 23),
(129, 'ROBERTO ISAIAS', 'CENTRO DE INFORMACION\r\n', 'roberto_uicochea@hotmail.com', '', 0),
(915, 'JOELBUSTAMANTEBUS', 'CENTRO DE INFORMACION\r\n', 'JOELRKJRJEK@JKJFDKJDKAF.COM', '', 0),
(916, 'ROBERTO ISAIAS', 'IDIOMAS\r\n', 'roberto_uicochea@hotmail.com', '', 0),
(917, 'DAVID PEREZ', 'BIOMEDICA\r\n', 'lampa@hotmail.com', '', 0),
(918, 'CARLOS SUAREZ', 'MANTENIMIENTO Y EQUIPO\r\n', 'carlos@carlos.com', '', 0),
(919, 'NORALVIS FLEITAS SALAZAR', 'CIENCIAS BASICAS\r\n', 'NORALFS@YAHOO.ES', '', 0),
(1001, 'ASDAS ASDASDSA', 'CENTRO DE INFORMACION\r\n', 'sadsad@asdas.com', '', 0),
(2855, 'JOEL BUSTAMANTE', 'CENTRO DE INFORMACION\r\n', 'jbtte@hotmail.com', '', 0),
(130, 'ROBERTO ROBERTO', 'CENTRO DE INFORMACION\r\n', 'roberto@hotmail.com', '', 0),
(1000, 'AFFD FDAF FADFDA', 'CENTRO DE INFORMACION\n', 'FDA@FDAF.COM', '', 0),
(1002, 'AFFD FDAF FADFDA', 'CENTRO DE INFORMACION\n', 'FDA@FDAF.COM', '', 0),
(1003, 'AFFD FDAF FADFDA', 'CENTRO DE INFORMACION\n', 'FDA@FDAF.COM', '', 0),
(1004, 'AFFD FDAF FADFDA', 'CENTRO DE INFORMACION\n', 'FDA@FDAF.COM', '', 0),
(1005, 'AFFD FDAF FADFDA', 'CENTRO DE INFORMACION\n', 'FDA@FDAF.COM', '', 0),
(1006, 'ALDDFLJLDA DFALKJFDL', 'CENTRO DE INFORMACION\n', 'fjdafl@dfldsj.com', '', 0),
(1007, 'ALDDFLJLDA DFALKJFDL', 'CENTRO DE INFORMACION\n', 'fjdafl@dfldsj.com', '', 0),
(1008, 'ALDDFLJLDA DFALKJFDL', 'CENTRO DE INFORMACION\n', 'fjdafl@dfldsj.com', '', 0);

-- --------------------------------------------------------

--
-- Estructura de tabla para la tabla `peticiones`
--

CREATE TABLE `peticiones` (
  `id_peticiones` int(11) NOT NULL,
  `id_personal` int(11) NOT NULL,
  `maestro` varchar(50) NOT NULL,
  `departamento` varchar(75) NOT NULL,
  `num_copias` int(11) NOT NULL,
  `clave` varchar(35) NOT NULL,
  `fecha` date NOT NULL,
  `estatus` varchar(20) NOT NULL
) ENGINE=InnoDB DEFAULT CHARSET=latin1;

--
-- Volcado de datos para la tabla `peticiones`
--

INSERT INTO `peticiones` (`id_peticiones`, `id_personal`, `maestro`, `departamento`, `num_copias`, `clave`, `fecha`, `estatus`) VALUES
(5, 129, 'ROBERTO ISAIAS', 'SISTEMAS Y COMPUTACION', 30, 'Material', '2017-05-17', 'Finalizado'),
(6, 129, 'ROBERTO ISAIAS', 'SISTEMAS Y COMPUTACION', 10, 'Docs.', '2017-05-17', 'Finalizado'),
(7, 129, 'ROBERTO ISAIAS', 'SISTEMAS Y COMPUTACION', 30, 'Examenes', '2017-05-17', 'Finalizado'),
(8, 511, 'LOPEZ MILLAN ANA SILVIA', 'COMUNICACION Y DIFUSION', 30, 'Examenes', '2017-05-18', 'pendiente'),
(9, 129, 'ROBERTO ISAIAS', 'SISTEMAS Y COMPUTACION', 50, 'Material', '2017-05-18', 'Finalizado'),
(10, 129, 'ROBERTO ISAIAS', 'SISTEMAS Y COMPUTACION', 30, 'Practicas', '2017-05-18', 'Finalizado'),
(11, 129, 'ROBERTO ISAIAS', 'SISTEMAS Y COMPUTACION', 30, 'Practicas', '2017-05-18', 'Finalizado'),
(12, 129, 'ROBERTO ISAIAS', 'SISTEMAS Y COMPUTACION', 20, 'Practicas', '2017-05-18', 'Finalizado'),
(13, 129, 'ROBERTO ISAIAS', 'SISTEMAS Y COMPUTACION', 30, 'Docs.', '2017-05-18', 'Finalizado'),
(14, 129, 'ROBERTO ISAIAS', 'SISTEMAS Y COMPUTACION', 30, 'Examenes', '2017-05-18', 'Finalizado'),
(15, 129, 'ROBERTO ISAIAS', 'SISTEMAS Y COMPUTACION', 30, 'Examenes', '2017-05-18', 'Finalizado'),
(16, 129, 'ROBERTO ISAIAS', 'SISTEMAS Y COMPUTACION', 30, 'Examenes', '2017-05-18', 'Finalizado'),
(17, 129, 'ROBERTO ISAIAS', 'SISTEMAS Y COMPUTACION', 3, 'Material', '2017-05-18', 'Finalizado'),
(18, 129, 'ROBERTO ISAIAS', 'SISTEMAS Y COMPUTACION', 44, 'Practicas', '2017-05-18', 'Finalizado'),
(19, 129, 'ROBERTO ISAIAS', 'SISTEMAS Y COMPUTACION', 33, 'Practicas', '2017-05-18', 'Finalizado'),
(20, 129, 'ROBERTO ISAIAS', 'SISTEMAS Y COMPUTACION', 33, 'Docs.', '2017-05-18', 'Finalizado'),
(21, 129, 'ROBERTO ISAIAS', 'SISTEMAS Y COMPUTACION', 222, 'Docs.', '2017-05-18', 'Finalizado'),
(22, 129, 'ROBERTO ISAIAS', 'SISTEMAS Y COMPUTACION', 30, 'Examenes', '2017-05-18', 'Pendiente'),
(23, 129, '', '', 0, '', '2017-05-18', 'Finalizado'),
(24, 129, '', '', 0, '', '2017-05-18', 'Finalizado'),
(25, 129, 'ROBERTO ISAIAS', 'SISTEMAS Y COMPUTACION', 30, 'Docs.', '2017-05-18', 'Pendiente');

-- --------------------------------------------------------

--
-- Estructura de tabla para la tabla `reg_serv_copiado`
--

CREATE TABLE `reg_serv_copiado` (
  `id_reg_serv_copiado` int(11) NOT NULL,
  `departamento` varchar(75) NOT NULL,
  `id_personal` int(11) NOT NULL,
  `maestro` varchar(50) NOT NULL,
  `num_copias` int(11) NOT NULL,
  `clave` varchar(35) NOT NULL,
  `fecha` date NOT NULL
) ENGINE=MyISAM DEFAULT CHARSET=utf8;

--
-- Volcado de datos para la tabla `reg_serv_copiado`
--

INSERT INTO `reg_serv_copiado` (`id_reg_serv_copiado`, `departamento`, `id_personal`, `maestro`, `num_copias`, `clave`, `fecha`) VALUES
(2941, 'SISTEMAS Y COMPUTACION', 129, 'ROBERTO ISAIAS', 70, 'Docs. Personales', '2017-05-01'),
(2939, 'SISTEMAS Y COMPUTACION', 129, 'ROBERTO ISAIAS', 5, 'Docs. Operativos', '2017-05-11'),
(2940, 'SISTEMAS Y COMPUTACION', 129, 'ROBERTO ISAIAS', 10, 'Examenes', '2017-05-11'),
(2889, 'CIENCIAS BASICAS', 1, 'ALDACO DIAZ MARIA GUADALUPE', 90, 'Docs. Personales', '2017-05-04'),
(2876, 'CENTRO DE INFORMACION\r\n', 186, 'GOMEZ MENDEZ  ROBERTO CARLOS', 35, 'Examenes', '2017-04-26'),
(2891, 'COMUNICACION Y DIFUSION', 511, 'LOPEZ MILLAN ANA SILVIA', 800, 'Examenes', '2017-05-05'),
(2942, 'SISTEMAS Y COMPUTACION', 129, 'ROBERTO ISAIAS', 30, 'Examenes', '2017-05-16'),
(2896, 'CENTRO DE INFORMACION', 1001, 'ASDAS ASDASDSA', 5, 'Docs. Operativos', '2017-05-08'),
(2897, 'CENTRO DE INFORMACION', 192, 'ESPINOZA MENDOZA JULIO CESAR', 8, 'Examenes', '2017-05-08'),
(2898, 'CENTRO DE INFORMACION', 191, 'GARCIA GARCIA GILBERTO', 6, 'Docs. Personales', '2017-05-08'),
(2899, 'CENTRO DE INFORMACION', 186, 'GOMEZ MENDEZ  ROBERTO CARLOS', 7, 'Docs. Personales', '2017-05-08'),
(2900, 'CENTRO DE INFORMACION', 2855, 'JOEL BUSTAMANTE', 7, 'Docs. Personales', '2017-05-08'),
(2901, 'CENTRO DE INFORMACION', 915, 'JOELBUSTAMANTEBUS', 5, 'Material Didactico', '2017-05-08'),
(2902, 'CENTRO DE INFORMACION', 101, 'MACPHERSON DUARTE ADALBERTO', 3, 'Docs. Personales', '2017-05-08'),
(2903, 'CENTRO DE INFORMACION', 185, 'MORENO LOPEZ SANDRA LUZ', 7, 'Examenes', '2017-05-08'),
(2904, 'CENTRO DE INFORMACION', 563, 'PRECIADO IBARRA SANDRA LUZ ', 2, 'Material Didactico', '2017-05-08'),
(2905, 'CENTRO DE INFORMACION', 7, 'RIOS CORDOVA CRUZ ELENA', 2, 'Material Didactico', '2017-05-08'),
(2906, 'CENTRO DE INFORMACION', 130, 'ROBERTO ROBERTO', 7, 'Practicas de Lab.', '2017-05-08'),
(2907, 'BIOMEDICA', 917, 'DAVID PEREZ', 6, 'Docs. Operativos', '2017-05-08'),
(2908, 'BIOMEDICA', 792, 'ILOKI ASSANGA SIMON BERNARD', 9, 'Examenes', '2017-05-08'),
(2909, 'BIOMEDICA', 917, 'DAVID PEREZ', 67, 'Practicas de Lab.', '2017-05-08'),
(2910, 'BIOMEDICA', 792, 'ILOKI ASSANGA SIMON BERNARD', 657, 'Docs. Personales', '2017-05-08'),
(2911, 'CIENCIAS BASICAS', 734, 'AGANZA TORRES ALAN', 435, 'Docs. Operativos', '2017-05-08'),
(2912, 'CIENCIAS BASICAS', 300, 'AHUMADA FLORES JOSE CARLOS', 23, 'Examenes', '2017-05-08'),
(2913, 'CIENCIAS BASICAS', 233, 'ALCANTAR MONROY GILBERTO', 32, 'Docs. Personales', '2017-05-08'),
(2914, 'CIENCIAS BASICAS', 720, 'ALCARAZ DOMINGUEZ CRISTAL ANEL', 654, 'Docs. Personales', '2017-05-08'),
(2915, 'CIENCIAS BASICAS', 1, 'ALDACO DIAZ MARIA GUADALUPE', 123, 'Examenes', '2017-05-08'),
(2916, 'CIENCIAS BASICAS', 894, 'ANEL MARGARITA GALAVIZ CUEN', 4543, 'Docs. Operativos', '2017-05-08'),
(2917, 'CIENCIAS BASICAS', 836, 'ARAGON GUAJARDO JESUS RAMIRO', 213, 'Material Didactico', '2017-05-08'),
(2918, 'CIENCIAS BASICAS', 369, 'ARELLANO TANORI OSCAR VIDAL', 23, 'Docs. Personales', '2017-05-08'),
(2919, 'CIENCIAS BASICAS', 443, 'BETANCOURT RIERA RENE ', 123, 'Material Didactico', '2017-05-08'),
(2920, 'COMUNICACION Y DIFUSION', 511, 'LOPEZ MILLAN ANA SILVIA', 23, 'Docs. Operativos', '2017-05-08'),
(2921, 'COMUNICACION Y DIFUSION', 902, 'LUZ DEL CARMEN ENRIQUEZ RODRIGUEZ', 232, 'Examenes', '2017-05-08');

-- --------------------------------------------------------

--
-- Estructura de tabla para la tabla `solicitudes_maestros`
--

CREATE TABLE `solicitudes_maestros` (
  `id_solicitud` int(11) NOT NULL,
  `departamento` varchar(50) NOT NULL,
  `maestro` varchar(50) NOT NULL,
  `num_copias` int(11) NOT NULL,
  `clave` varchar(50) NOT NULL,
  `fecha` date NOT NULL,
  `estatus` varchar(30) NOT NULL
) ENGINE=MyISAM DEFAULT CHARSET=utf8;

-- --------------------------------------------------------

--
-- Estructura de tabla para la tabla `tipo_servicio`
--

CREATE TABLE `tipo_servicio` (
  `id` int(11) NOT NULL,
  `servicio` varchar(30) NOT NULL
) ENGINE=InnoDB DEFAULT CHARSET=latin1;

--
-- Volcado de datos para la tabla `tipo_servicio`
--

INSERT INTO `tipo_servicio` (`id`, `servicio`) VALUES
(1, 'Examenes'),
(2, 'Material Didactico'),
(3, 'Docs. Personales'),
(4, 'Practicas de Lab.'),
(5, 'Docs. Administrativos'),
(6, 'Material de Comun. y Dif.');

--
-- Índices para tablas volcadas
--

--
-- Indices de la tabla `departamentos`
--
ALTER TABLE `departamentos`
  ADD PRIMARY KEY (`ID_Departamento`);

--
-- Indices de la tabla `login`
--
ALTER TABLE `login`
  ADD PRIMARY KEY (`id`);

--
-- Indices de la tabla `personal`
--
ALTER TABLE `personal`
  ADD PRIMARY KEY (`id_personal`),
  ADD UNIQUE KEY `id_personal` (`id_personal`),
  ADD KEY `ID_Departamento` (`ID_Departamento`);

--
-- Indices de la tabla `peticiones`
--
ALTER TABLE `peticiones`
  ADD PRIMARY KEY (`id_peticiones`);

--
-- Indices de la tabla `reg_serv_copiado`
--
ALTER TABLE `reg_serv_copiado`
  ADD PRIMARY KEY (`id_reg_serv_copiado`);

--
-- Indices de la tabla `solicitudes_maestros`
--
ALTER TABLE `solicitudes_maestros`
  ADD PRIMARY KEY (`id_solicitud`);

--
-- Indices de la tabla `tipo_servicio`
--
ALTER TABLE `tipo_servicio`
  ADD PRIMARY KEY (`id`);

--
-- AUTO_INCREMENT de las tablas volcadas
--

--
-- AUTO_INCREMENT de la tabla `login`
--
ALTER TABLE `login`
  MODIFY `id` int(11) NOT NULL AUTO_INCREMENT, AUTO_INCREMENT=12;
--
-- AUTO_INCREMENT de la tabla `peticiones`
--
ALTER TABLE `peticiones`
  MODIFY `id_peticiones` int(11) NOT NULL AUTO_INCREMENT, AUTO_INCREMENT=26;
--
-- AUTO_INCREMENT de la tabla `reg_serv_copiado`
--
ALTER TABLE `reg_serv_copiado`
  MODIFY `id_reg_serv_copiado` int(11) NOT NULL AUTO_INCREMENT, AUTO_INCREMENT=2943;
--
-- AUTO_INCREMENT de la tabla `solicitudes_maestros`
--
ALTER TABLE `solicitudes_maestros`
  MODIFY `id_solicitud` int(11) NOT NULL AUTO_INCREMENT, AUTO_INCREMENT=22;
--
-- AUTO_INCREMENT de la tabla `tipo_servicio`
--
ALTER TABLE `tipo_servicio`
  MODIFY `id` int(11) NOT NULL AUTO_INCREMENT, AUTO_INCREMENT=7;
/*!40101 SET CHARACTER_SET_CLIENT=@OLD_CHARACTER_SET_CLIENT */;
/*!40101 SET CHARACTER_SET_RESULTS=@OLD_CHARACTER_SET_RESULTS */;
/*!40101 SET COLLATION_CONNECTION=@OLD_COLLATION_CONNECTION */;
